{"initial_reset_timestamp": 1579217590.0048554, "timestamps": [1579217599.911868, 1579217609.857866, 1579217619.8014092, 1579217630.1428912, 1579217640.0770962, 1579217651.0007267, 1579217665.0440118, 1579217675.7744634, 1579217685.681703, 1579217696.1340644], "episode_lengths": [999, 999, 999, 999, 999, 999, 999, 999, 999, 999], "episode_rewards": [-489.58240537262435, -488.20359572311753, -492.3911230172298, -464.60536567238336, -471.91472902702327, -378.46760438634806, -375.5891550789888, -380.37469924876905, -353.8763731018537, -343.6495867000449], "episode_types": ["t", "t", "t", "t", "t", "t", "t", "t", "t", "t", "t", "t", "t", "t", "t", "t", "t", "t", "t", "t", "t"]}