{"initial_reset_timestamp": 1579218188.3932352, "timestamps": [1579218188.4467857, 1579218188.5507627, 1579218188.6570299, 1579218188.7595096, 1579218188.8640592, 1579218188.9667659, 1579218189.066204, 1579218189.1683598, 1579218189.2680957, 1579218189.37002, 1579218189.47604, 1579218189.57838, 1579218189.6879122, 1579218189.7860506, 1579218189.8822558, 1579218189.9807127, 1579218190.0763774, 1579218190.1713455, 1579218190.2684178, 1579218190.3639643, 1579218190.459247, 1579218190.5575888, 1579218190.6548529, 1579218190.751178, 1579218190.847419, 1579218190.9436073, 1579218191.0387976, 1579218191.1361687, 1579218191.230887, 1579218191.3265216, 1579218191.4261389, 1579218191.5209641, 1579218191.6169908, 1579218191.7176538, 1579218191.8131692, 1579218191.9306197, 1579218192.0303009, 1579218192.1268585, 1579218192.228338, 1579218192.3418026, 1579218192.4581962, 1579218192.5669808, 1579218192.6784408, 1579218192.7848217, 1579218192.9072583, 1579218193.0188053, 1579218193.12753, 1579218193.2315292, 1579218193.3444903, 1579218193.4473417, 1579218193.550067, 1579218193.661768, 1579218193.7672217, 1579218193.87303, 1579218193.9866316, 1579218194.0932338, 1579218194.196685, 1579218194.2996707, 1579218194.4042993, 1579218194.50941, 1579218194.613254, 1579218194.7133143, 1579218194.8109305, 1579218194.9118826, 1579218195.0101123, 1579218195.1062486, 1579218195.2062385, 1579218195.308176, 1579218195.4107106, 1579218195.5134482, 1579218195.6144564, 1579218195.7190135, 1579218195.8241937, 1579218195.9284127, 1579218196.0303009, 1579218196.1360142, 1579218196.240301, 1579218196.3471854, 1579218196.4817083, 1579218196.6757307, 1579218196.8362145, 1579218196.9663994, 1579218197.0933752, 1579218197.1910567, 1579218197.2871587, 1579218197.3862498, 1579218197.482925, 1579218197.5805373, 1579218197.6811376, 1579218197.778444, 1579218197.8811305, 1579218197.9893692, 1579218198.0981855, 1579218198.198809, 1579218198.299501, 1579218198.4009817, 1579218198.5023253, 1579218198.6084197, 1579218198.7146635, 1579218198.8184392, 1579218198.9231722, 1579218199.0222, 1579218199.1186028, 1579218199.2259214, 1579218199.3229809, 1579218199.4201553, 1579218199.5916286, 1579218199.8047369, 1579218199.9216495, 1579218200.0331013, 1579218200.13586, 1579218200.2404628, 1579218200.3427954, 1579218200.451797, 1579218200.5762048, 1579218200.6860662, 1579218200.7974303, 1579218200.905244, 1579218201.0113742, 1579218201.117791, 1579218201.2218237, 1579218201.3275955, 1579218201.4347997], "episode_lengths": [200, 200, 200, 200, 200, 200, 200, 200, 200, 200, 200, 200, 200, 200, 200, 200, 200, 200, 200, 200, 200, 200, 200, 200, 200, 200, 200, 200, 200, 200, 200, 200, 200, 200, 200, 200, 200, 200, 200, 200, 200, 200, 200, 200, 200, 200, 200, 200, 200, 200, 200, 200, 200, 200, 200, 200, 200, 200, 200, 200, 200, 200, 200, 200, 200, 200, 200, 200, 200, 200, 200, 200, 200, 200, 200, 200, 200, 200, 200, 200, 200, 200, 200, 200, 200, 200, 200, 200, 200, 200, 200, 200, 200, 200, 200, 200, 200, 200, 200, 200, 200, 200, 200, 200, 200, 200, 200, 200, 200, 200, 200, 200, 200, 200, 200, 200, 200, 200, 200, 200, 200, 200, 200], "episode_rewards": [-1700.0732273186659, -1006.2735837863179, -1555.275997513505, -1030.103923112107, -1717.8243946881666, -1715.2293409032106, -1065.0798836316658, -1755.3103444429346, -1086.3409526553585, -1771.8084197783628, -1302.2232395794565, -1153.4365881953966, -1482.7991897019344, -1276.974510940142, -1055.43183785596, -1124.3528221513093, -966.5266219698234, -1041.1774130252186, -1603.4455361433747, -1034.0144942728143, -993.0201557740082, -1896.2294920560794, -1817.2802928628519, -1601.137960337955, -968.8392917833293, -1638.0631537045056, -1546.475493105369, -1159.1627807220784, -1116.2536313490232, -1869.223726753683, -1458.516936927409, -1508.6089686533069, -900.3140389860764, -1282.4393936528031, -1577.6100137343863, -1571.4528091323714, -1823.5865258300414, -860.2924130679536, -1115.5975278964906, -1196.7655553605334, -1710.8947891608113, -1901.9545100328176, -1039.1173656445296, -849.0080087501768, -965.83408191162, -1112.3892172821254, -1347.5670895463238, -937.7543968106419, -909.5376024798445, -827.7194457087983, -1700.3887289569752, -1182.7988527202333, -1296.792332978513, -1171.429503660773, -1263.3921736675838, -1635.4827182155993, -1201.1735120385079, -1370.4629703703024, -1217.529112414844, -1271.5927978671596, -1054.6091516795982, -1233.633002851675, -1183.5756520090158, -1256.6292417415473, -1286.0744896714486, -1104.1261265571359, -924.0761655823832, -1526.5893756895782, -1630.6295463393456, -1309.8321310668239, -1267.5931349393131, -1319.4738289284767, -1631.8924126852903, -956.9918211615708, -1284.0523156440395, -1320.3871841389653, -1434.8934262173293, -1087.0206139253469, -1074.357806961029, -1325.7438074818872, -1630.829390965324, -965.0768827260366, -1805.7492055067848, -1029.0999591152333, -1248.146463275931, -1097.3283128854866, -1751.3459371410638, -1149.0856923869576, -1075.2877595438724, -1207.6978747432443, -1338.7946310426555, -1170.747092858725, -1340.4619224634116, -974.420682680803, -1332.5098462026178, -1594.7710699028642, -1325.2058171884698, -1425.4333701108283, -1162.0854890848386, -1620.6021279558781, -1329.8416893511308, -1250.8816610608637, -1707.1497997867784, -1663.9529269313969, -1842.3341417430488, -1204.8845559017375, -1299.8255319314442, -1432.287416292647, -1310.4625091526684, -1627.241229410235, -956.23642421936, -1338.1594485275239, -1398.731639228201, -1261.9042916782014, -1186.184452104828, -1703.341639949215, -1396.4860069637257, -1341.6130673097418, -1260.3061721752943, -1073.6610212549294, -1368.6979701593268, -1249.0795405228926, -1297.5831125397906], "episode_types": ["t", "t", "t", "t", "t", "t", "t", "t", "t", "t", "t", "t", "t", "t", "t", "t", "t", "t", "t", "t", "t", "t", "t", "t", "t", "t", "t", "t", "t", "t", "t", "t", "t", "t", "t", "t", "t", "t", "t", "t", "t", "t", "t", "t", "t", "t", "t", "t", "t", "t", "t", "t", "t", "t", "t", "t", "t", "t", "t", "t", "t", "t", "t", "t", "t", "t", "t", "t", "t", "t", "t", "t", "t", "t", "t", "t", "t", "t", "t", "t", "t", "t", "t", "t", "t", "t", "t", "t", "t", "t", "t", "t", "t", "t", "t", "t", "t", "t", "t", "t", "t", "t", "t", "t", "t", "t", "t", "t", "t", "t", "t", "t", "t", "t", "t", "t", "t", "t", "t", "t", "t", "t", "t"]}