{"initial_reset_timestamp": 1579218270.561814, "timestamps": [1579218270.6167572, 1579218270.6548445, 1579218270.687979, 1579218270.7067294, 1579218270.7181015, 1579218270.731721, 1579218270.740971, 1579218270.7538412, 1579218270.7682126, 1579218270.778786, 1579218270.7911406, 1579218270.7999332, 1579218270.8133554, 1579218270.851328, 1579218270.8687687, 1579218270.8814735, 1579218270.8925583, 1579218270.9042115, 1579218270.9157991, 1579218270.927044, 1579218270.9399512, 1579218270.9506001, 1579218270.9621868, 1579218270.9726894, 1579218270.9844973, 1579218270.9960248, 1579218271.0065153, 1579218271.0180736, 1579218271.0297766, 1579218271.0400772, 1579218271.0502894, 1579218271.0654562, 1579218271.116867, 1579218271.13328, 1579218271.1471574, 1579218271.1607747, 1579218271.173553, 1579218271.2105186, 1579218271.2231076, 1579218271.2339935, 1579218271.2461226, 1579218271.2570941, 1579218271.269299, 1579218271.2841408, 1579218271.2988398, 1579218271.3138952, 1579218271.3308814, 1579218271.343731, 1579218271.359654, 1579218271.3708932, 1579218271.3819408, 1579218271.3938978, 1579218271.4222221, 1579218271.43408, 1579218271.446169, 1579218271.4581616, 1579218271.469258, 1579218271.4828272, 1579218271.4962435, 1579218271.5103009, 1579218271.5235453, 1579218271.5377507, 1579218271.550664, 1579218271.564648, 1579218271.5750582, 1579218271.5873463, 1579218271.5996099, 1579218271.6118197, 1579218271.6238067, 1579218271.63538, 1579218271.6467288, 1579218271.6583796, 1579218271.6725435, 1579218271.685772, 1579218271.7013264, 1579218271.7151887, 1579218271.7290885, 1579218271.7418077, 1579218271.755723, 1579218271.7675705, 1579218271.7824547, 1579218271.794992, 1579218271.8058164, 1579218271.815315, 1579218271.8258388, 1579218271.8364139, 1579218271.8457687, 1579218271.8555102, 1579218271.86984, 1579218271.8859975, 1579218271.94508, 1579218271.9627962, 1579218271.9769588, 1579218271.9874456, 1579218271.9985454, 1579218272.0078862, 1579218272.0197294, 1579218272.0304494, 1579218272.0398865, 1579218272.0505471, 1579218272.061126, 1579218272.0731013, 1579218272.0839534, 1579218272.0987628, 1579218272.1110575, 1579218272.1241667, 1579218272.1380374, 1579218272.1522417, 1579218272.1672852, 1579218272.1793172, 1579218272.1959107, 1579218272.2085845, 1579218272.2232742, 1579218272.2342165, 1579218272.244962, 1579218272.25602, 1579218272.2673676, 1579218272.315679, 1579218272.3266673, 1579218272.3398957, 1579218272.3559973, 1579218272.3704672, 1579218272.384805, 1579218272.3963153, 1579218272.4103198, 1579218272.4223957, 1579218272.4577696, 1579218272.4679146, 1579218272.4786913, 1579218272.4914532, 1579218272.50468, 1579218272.5152369, 1579218272.5293717, 1579218272.5400097, 1579218272.5552025, 1579218272.569031, 1579218272.5831409, 1579218272.597538, 1579218272.609292, 1579218272.6217575, 1579218272.63578, 1579218272.6498563, 1579218272.6621146, 1579218272.6728892, 1579218272.7522533, 1579218272.7673588, 1579218272.836431, 1579218272.8999667, 1579218272.9781663, 1579218272.9910364, 1579218273.0903707, 1579218273.1643507, 1579218273.1988466, 1579218273.2137346, 1579218273.2367425, 1579218273.257395, 1579218273.2693207, 1579218273.2823107, 1579218273.3227158, 1579218273.3326032, 1579218273.3446515, 1579218273.3575137, 1579218273.3691447, 1579218273.3795664, 1579218273.391805, 1579218273.4023633, 1579218273.4153078, 1579218273.426362, 1579218273.4400733, 1579218273.451507, 1579218273.4656224, 1579218273.4806864, 1579218273.4957776, 1579218273.506315, 1579218273.5171208, 1579218273.5280583, 1579218273.5388677, 1579218273.5505302, 1579218273.5611339, 1579218273.5730271, 1579218273.5836205, 1579218273.5930321, 1579218273.6058867, 1579218273.618411, 1579218273.6344345, 1579218273.6504514, 1579218273.6657023, 1579218273.6819038, 1579218273.6931195, 1579218273.7044206, 1579218273.715716, 1579218273.7295647, 1579218273.7405412, 1579218273.7557375, 1579218273.768146, 1579218273.7803106, 1579218273.7921782, 1579218273.803937, 1579218273.8169248, 1579218273.829169, 1579218273.8438616, 1579218273.8563535, 1579218273.8685746, 1579218273.8831537, 1579218273.9064074, 1579218273.9191363, 1579218273.931985, 1579218273.9428902, 1579218273.9561157, 1579218273.9654493, 1579218273.9784062, 1579218273.992069, 1579218274.002541, 1579218274.015297, 1579218274.0311472, 1579218274.0440805, 1579218274.0598872, 1579218274.0769315, 1579218274.0926592, 1579218274.1057358, 1579218274.1192634, 1579218274.1321838, 1579218274.1427102, 1579218274.1532269, 1579218274.1693783, 1579218274.1831374, 1579218274.1951022, 1579218274.206932, 1579218274.2200003, 1579218274.2318683, 1579218274.2459881, 1579218274.2617052, 1579218274.281354, 1579218274.2960508, 1579218274.3088477, 1579218274.3245962, 1579218274.3369727, 1579218274.3484845, 1579218274.3600688, 1579218274.3747237, 1579218274.3843029, 1579218274.3929052, 1579218274.405351, 1579218274.4184432, 1579218274.4280066, 1579218274.4683006, 1579218274.483298, 1579218274.5008266, 1579218274.5219219, 1579218274.5494738, 1579218274.5617907, 1579218274.5723708, 1579218274.582871, 1579218274.5923254, 1579218274.6018798, 1579218274.6133828, 1579218274.6239107, 1579218274.6354878, 1579218274.6471696, 1579218274.6582856, 1579218274.669945, 1579218274.6826482, 1579218274.6939251, 1579218274.7091546, 1579218274.7246456, 1579218274.7633514, 1579218274.7753584, 1579218274.7863603, 1579218274.8006709, 1579218274.8126976, 1579218274.8224835, 1579218274.8351026, 1579218274.8471546, 1579218274.8628106, 1579218274.8743603, 1579218274.8870337, 1579218274.9004762, 1579218274.9152105, 1579218274.928632, 1579218274.9429448, 1579218274.9569046, 1579218274.9715917, 1579218275.0010252, 1579218275.0132225, 1579218275.0241928, 1579218275.0363708, 1579218275.0485613, 1579218275.060065, 1579218275.0731883, 1579218275.0867789, 1579218275.1264024, 1579218275.139201, 1579218275.150922, 1579218275.1643162, 1579218275.1773148, 1579218275.1909363, 1579218275.2009127, 1579218275.2143464, 1579218275.2275136, 1579218275.2394419, 1579218275.2506452, 1579218275.2630656, 1579218275.2740898, 1579218275.2854261, 1579218275.2989678, 1579218275.3094277, 1579218275.3217494, 1579218275.3351488, 1579218275.3465703, 1579218275.3572478, 1579218275.3683267, 1579218275.3808024, 1579218275.3919673, 1579218275.4032762, 1579218275.4133468, 1579218275.4280372, 1579218275.4404943, 1579218275.4525378, 1579218275.4627686, 1579218275.4736836, 1579218275.4847898, 1579218275.4959228, 1579218275.5064423, 1579218275.5183113, 1579218275.530575, 1579218275.5402918, 1579218275.5516348, 1579218275.5631597, 1579218275.5769904, 1579218275.5896745, 1579218275.6032069, 1579218275.6155853], "episode_lengths": [21, 30, 32, 18, 11, 13, 9, 10, 12, 9, 11, 8, 12, 31, 15, 11, 9, 10, 10, 9, 11, 9, 10, 9, 10, 10, 9, 10, 10, 9, 9, 11, 35, 10, 10, 9, 11, 31, 10, 9, 10, 9, 10, 9, 10, 10, 10, 8, 12, 8, 9, 9, 23, 10, 10, 10, 9, 9, 10, 9, 9, 10, 9, 10, 8, 10, 10, 10, 10, 10, 8, 9, 11, 10, 11, 9, 9, 9, 10, 9, 9, 10, 9, 8, 9, 9, 8, 8, 12, 10, 34, 10, 9, 9, 9, 8, 10, 9, 8, 9, 9, 10, 9, 9, 9, 9, 9, 10, 10, 9, 13, 10, 12, 9, 9, 9, 10, 38, 9, 9, 11, 10, 10, 8, 11, 10, 29, 8, 9, 11, 11, 9, 10, 9, 10, 9, 10, 9, 9, 10, 11, 10, 10, 8, 63, 10, 51, 53, 64, 11, 82, 62, 27, 12, 18, 16, 10, 11, 34, 8, 10, 11, 10, 9, 10, 9, 10, 9, 10, 8, 10, 12, 12, 8, 9, 9, 9, 10, 9, 10, 9, 8, 11, 9, 12, 11, 10, 11, 8, 8, 9, 11, 9, 11, 10, 10, 10, 10, 10, 9, 10, 9, 9, 11, 18, 11, 10, 9, 11, 8, 11, 10, 9, 11, 10, 10, 9, 10, 10, 8, 9, 10, 9, 9, 14, 10, 10, 10, 11, 10, 9, 12, 10, 10, 9, 11, 9, 10, 11, 14, 9, 8, 12, 13, 9, 31, 10, 12, 15, 20, 11, 10, 10, 9, 9, 11, 10, 10, 9, 10, 11, 9, 9, 10, 10, 26, 9, 8, 11, 9, 8, 10, 9, 10, 9, 8, 10, 9, 9, 10, 10, 10, 24, 9, 9, 10, 10, 10, 11, 9, 26, 10, 9, 10, 10, 11, 8, 10, 11, 9, 9, 10, 9, 9, 10, 9, 9, 10, 9, 8, 9, 10, 9, 10, 9, 13, 10, 11, 9, 10, 10, 10, 9, 10, 10, 8, 9, 9, 11, 10, 11, 10],