{"initial_reset_timestamp": 1579219165.5469868, "timestamps": [1579219165.6071115, 1579219165.6601539, 1579219165.6899066, 1579219165.7259035, 1579219166.2041838, 1579219166.6139657, 1579219167.052602, 1579219167.4479334, 1579219167.8964727, 1579219168.4166982, 1579219168.8578732, 1579219169.2929213, 1579219169.7144063, 1579219170.1157055, 1579219170.505301, 1579219170.8733404, 1579219171.3798106, 1579219171.8262308, 1579219172.227703, 1579219172.6685636, 1579219173.1397355, 1579219173.5595942, 1579219174.0407155, 1579219174.5683966, 1579219175.0367358, 1579219175.49731, 1579219175.9897523, 1579219176.437883, 1579219176.9384663, 1579219177.392447, 1579219177.8241403, 1579219178.346941, 1579219178.8236132, 1579219179.290785, 1579219179.8765345, 1579219180.3281634, 1579219180.830351, 1579219181.2699528, 1579219181.7342174, 1579219182.3564506, 1579219182.7774148, 1579219183.1914124, 1579219183.5327895, 1579219183.955211, 1579219184.332899, 1579219184.8231254, 1579219185.2949312, 1579219185.7837372, 1579219186.3397648, 1579219186.7880216, 1579219187.2102988, 1579219187.7281687, 1579219188.1942086, 1579219188.7316544, 1579219189.2687883, 1579219189.6435187, 1579219190.1755307, 1579219190.5652125, 1579219190.938543, 1579219191.2676675, 1579219191.6230028, 1579219191.9851427, 1579219192.4557827, 1579219192.8599885, 1579219193.3264797, 1579219193.7510724, 1579219194.222104, 1579219194.618039, 1579219195.0953374, 1579219195.4881883, 1579219195.8961995, 1579219196.3073313, 1579219196.7957838, 1579219197.2008822, 1579219197.6767461, 1579219198.0908997, 1579219198.530295, 1579219198.9924116, 1579219199.3741274, 1579219199.8470843, 1579219200.3251204, 1579219200.7867143, 1579219201.1731896, 1579219201.6082058, 1579219202.0639179, 1579219202.475206, 1579219202.970266, 1579219203.4089155, 1579219203.806246, 1579219204.2224436, 1579219204.6143436, 1579219205.0733423, 1579219205.5461273, 1579219206.0433316, 1579219206.5651612, 1579219207.0453343, 1579219207.570153, 1579219207.9862723, 1579219208.4408708, 1579219208.8061717, 1579219209.3254857, 1579219209.8619604, 1579219210.2699356, 1579219210.733747, 1579219211.2182417, 1579219211.772391, 1579219212.3359861, 1579219212.8506196, 1579219213.3329453, 1579219213.8582797, 1579219214.3734312, 1579219214.8134162, 1579219215.2864943, 1579219215.8252027, 1579219216.6261692, 1579219217.1021912, 1579219217.5611546, 1579219218.1266546, 1579219218.5533319, 1579219218.9862497, 1579219219.4420757, 1579219219.77851, 1579219220.1963265, 1579219220.6709125, 1579219221.1184957, 1579219221.5706, 1579219222.0700383, 1579219222.5670037, 1579219223.1397557, 1579219223.743178, 1579219224.3217285, 1579219225.192683, 1579219225.936963, 1579219226.7803214, 1579219227.5515077, 1579219228.2458558, 1579219228.8475735, 1579219229.5629067, 1579219230.2997777, 1579219230.961355, 1579219231.5129218, 1579219232.0662222, 1579219232.6763792, 1579219233.275694, 1579219233.8470967, 1579219234.406117, 1579219234.936027, 1579219235.4597948, 1579219236.0731614, 1579219236.723159, 1579219237.2772913, 1579219237.7946684, 1579219238.3739011, 1579219238.783245, 1579219239.31357, 1579219239.738388, 1579219240.2220802, 1579219240.7795742, 1579219241.37374, 1579219241.8777335, 1579219242.4835565, 1579219243.0495703, 1579219243.5846825, 1579219244.1628237, 1579219244.771248, 1579219245.4394112, 1579219245.9395173, 1579219246.4567194, 1579219247.1606097, 1579219247.8362634, 1579219248.4350247, 1579219248.989657, 1579219249.5975065, 1579219250.1547742, 1579219250.687136, 1579219251.1981156, 1579219251.7324302, 1579219252.328025, 1579219252.881831, 1579219253.4205785, 1579219253.9217484, 1579219254.4579346, 1579219254.9084597, 1579219255.4669828, 1579219256.1098714, 1579219256.6799047, 1579219257.440918, 1579219257.9608862, 1579219258.8558254, 1579219259.3553338, 1579219259.9974177, 1579219260.5469532, 1579219261.1522539, 1579219261.7746255, 1579219262.46972, 1579219263.1730714, 1579219263.9669032, 1579219264.734815, 1579219265.406971, 1579219265.9614887, 1579219266.5453098, 1579219267.1778975, 1579219267.897013, 1579219268.542786, 1579219269.253637, 1579219269.7661235, 1579219270.3747346, 1579219270.9893703, 1579219271.6207213, 1579219272.2170446, 1579219272.7481506, 1579219273.5116775, 1579219274.1667988, 1579219274.8031108, 1579219275.4210944, 1579219275.9963136, 1579219276.6763034, 1579219277.2485056, 1579219277.8223572, 1579219278.354299, 1579219278.8488655, 1579219279.303318, 1579219279.916843, 1579219280.6028638, 1579219281.2475216, 1579219281.8528495, 1579219282.587683, 1579219283.1532485, 1579219283.7350879, 1579219284.3087573, 1579219284.9098897, 1579219285.4660504, 1579219286.0418997, 1579219286.7197711, 1579219287.3023093, 1579219287.8996751, 1579219288.3286614, 1579219288.870581, 1579219289.4111679, 1579219289.9791746, 1579219290.5885246, 1579219291.0682101, 1579219291.7156515, 1579219292.2800274, 1579219292.6464767, 1579219293.2622995, 1579219294.0836742, 1579219294.8039532, 1579219295.4091365, 1579219295.9380522, 1579219296.6213481, 1579219297.373276, 1579219297.9590013, 1579219298.6667688, 1579219299.3634844, 1579219299.9450004, 1579219300.5440695, 1579219301.1865928, 1579219301.8290148, 1579219302.60498, 1579219303.293797, 1579219303.8621097, 1579219304.4223053, 1579219305.0969443, 1579219305.5527713, 1579219306.1261694, 1579219306.7624142, 1579219307.2720602, 1579219307.7970936, 1579219308.4494426, 1579219308.9874005, 1579219309.600702, 1579219310.1509128, 1579219310.7682495, 1579219311.3171625, 1579219311.9387283, 1579219312.5544899, 1579219313.2571683, 1579219313.7692783, 1579219314.227846, 1579219314.8757057, 1579219315.4332767, 1579219315.9994297, 1579219316.605141, 1579219317.116795, 1579219317.653326, 1579219318.1110618, 1579219318.64398, 1579219319.1948836, 1579219319.6696453, 1579219320.3030314, 1579219320.8614254, 1579219321.4198725, 1579219321.8189158, 1579219322.2911935, 1579219322.8626826, 1579219323.3658018, 1579219323.9582903, 1579219324.4514768, 1579219324.931221, 1579219325.4654598, 1579219325.9842703, 1579219326.5628498, 1579219327.1939404, 1579219327.909608, 1579219328.6343765, 1579219329.2296655, 1579219329.8154166, 1579219330.4702826, 1579219331.0301726, 1579219331.5004246, 1579219332.0240204, 1579219332.607987, 1579219333.1577678, 1579219333.603093, 1579219334.0963383, 1579219334.5295658, 1579219335.007902, 1579219335.6091428, 1579219336.094026, 1579219336.505649, 1579219337.1148891, 1579219337.6050682, 1579219338.2736611, 1579219338.7578592, 1579219339.2473216, 1579219339.7392232, 1579219340.2398682, 1579219340.752823, 1579219341.229189, 1579219341.7933285, 1579219342.2054186, 1579219342.6813316, 1579219343.1088862, 1579219343.7019424, 1579219344.2303362, 1579219344.6712198, 1579219345.1491256, 1579219345.6462092, 1579219346.0995533, 1579219346.6041534, 1579219347.180495, 1579219347.6726384, 1579219348.1816893, 1579219348.7400565, 1579219349.2943196, 1579219349.9270132],