{"initial_reset_timestamp": 1579517513.6383462, "timestamps": [1579517513.8370852, 1579517513.9389033, 1579517514.1015358, 1579517514.149044, 1579517514.2880058, 1579517514.3519137, 1579517655.7506032, 1579517752.870337, 1579517849.8307927, 1579517921.584112, 1579518055.6703005, 1579518134.2676873, 1579518212.5227942, 1579518308.9779058, 1579518413.108629, 1579518494.3366768, 1579518584.5459077, 1579518664.371543, 1579518776.3998475, 1579518884.882582], "episode_lengths": [228, 162, 206, 94, 185, 125, 118, 83, 86, 63, 115, 69, 66, 86, 85, 62, 66, 57, 86, 76], "episode_rewards": [-298.21281378228423, -280.6056967545535, -281.045601777965, -353.69585060114366, -217.02776096873663, -267.76454103909816, -1394.9353735362351, -993.2248660251985, -754.20539507187, -711.9222291738015, -1419.2204114219335, -563.5260977271579, -489.6035800929553, -1030.66246151841, -644.1330265144176, -572.3041013260171, -617.969420105685, -405.9567252464093, -865.2142549952346, -652.7495859798711], "episode_types": ["t", "t", "t", "t", "t", "t", "t", "t", "t", "t", "t", "t", "t", "t", "t", "t", "t", "t", "t", "t", "t", "t", "t", "t", "t", "t", "t", "t", "t", "t", "t", "t", "t", "t", "t", "t", "t", "t", "t", "t", "t"]}